ward_name,oa21cd,MSOA21CD,MSOA21NM
Bethnal Green East,E00021143,E02000865,Tower Hamlets 002
Bethnal Green East,E00021147,E02000865,Tower Hamlets 002
Bethnal Green East,E00021173,E02000865,Tower Hamlets 002
Bethnal Green East,E00021179,E02000876,Tower Hamlets 013
Bethnal Green East,E00021185,E02000874,Tower Hamlets 011
Bethnal Green East,E00021187,E02000874,Tower Hamlets 011
Bethnal Green East,E00021188,E02000874,Tower Hamlets 011
Bethnal Green East,E00021189,E02000876,Tower Hamlets 013
Bethnal Green East,E00021190,E02000876,Tower Hamlets 013
Bethnal Green East,E00021195,E02000874,Tower Hamlets 011
Bethnal Green East,E00021196,E02000874,Tower Hamlets 011
Bethnal Green East,E00021198,E02000874,Tower Hamlets 011
Bethnal Green East,E00021199,E02000874,Tower Hamlets 011
Bethnal Green East,E00021201,E02000874,Tower Hamlets 011
Bethnal Green East,E00021202,E02000874,Tower Hamlets 011
Bethnal Green East,E00021205,E02000874,Tower Hamlets 011
Bethnal Green East,E00021206,E02000874,Tower Hamlets 011
Bethnal Green East,E00021208,E02000874,Tower Hamlets 011
Bethnal Green East,E00021209,E02000874,Tower Hamlets 011
Bethnal Green East,E00021210,E02000874,Tower Hamlets 011
Bethnal Green East,E00021211,E02000874,Tower Hamlets 011
Bethnal Green East,E00021212,E02000874,Tower Hamlets 011
Bethnal Green East,E00021214,E02000874,Tower Hamlets 011
Bethnal Green East,E00021215,E02000876,Tower Hamlets 013
Bethnal Green East,E00021441,E02000870,Tower Hamlets 007
Bethnal Green East,E00021442,E02000870,Tower Hamlets 007
Bethnal Green East,E00021443,E02000870,Tower Hamlets 007
Bethnal Green East,E00021444,E02000873,Tower Hamlets 010
Bethnal Green East,E00021447,E02000873,Tower Hamlets 010
Bethnal Green East,E00021448,E02000873,Tower Hamlets 010
Bethnal Green East,E00021449,E02000870,Tower Hamlets 007
Bethnal Green East,E00021450,E02000870,Tower Hamlets 007
Bethnal Green East,E00021451,E02000873,Tower Hamlets 010
Bethnal Green East,E00021452,E02000873,Tower Hamlets 010
Bethnal Green East,E00021453,E02000870,Tower Hamlets 007
Bethnal Green East,E00021454,E02000870,Tower Hamlets 007
Bethnal Green East,E00021455,E02000873,Tower Hamlets 010
Bethnal Green East,E00021458,E02000870,Tower Hamlets 007
Bethnal Green East,E00021459,E02000870,Tower Hamlets 007
Bethnal Green East,E00021460,E02000870,Tower Hamlets 007
Bethnal Green East,E00021461,E02000870,Tower Hamlets 007
Bethnal Green East,E00021462,E02000870,Tower Hamlets 007
Bethnal Green East,E00021463,E02000870,Tower Hamlets 007
Bethnal Green East,E00021464,E02000870,Tower Hamlets 007
Bethnal Green East,E00021465,E02000870,Tower Hamlets 007
Bethnal Green East,E00021468,E02000870,Tower Hamlets 007
Bethnal Green East,E00021469,E02000870,Tower Hamlets 007
Bethnal Green East,E00021470,E02000873,Tower Hamlets 010
Bethnal Green East,E00021471,E02000870,Tower Hamlets 007
Bethnal Green East,E00167204,E02000873,Tower Hamlets 010
Bethnal Green East,E00167205,E02000873,Tower Hamlets 010
Bethnal Green East,E00167206,E02000870,Tower Hamlets 007
Bethnal Green East,E00167207,E02000870,Tower Hamlets 007
Bethnal Green East,E00167210,E02000873,Tower Hamlets 010
Bethnal Green East,E00183729,E02000873,Tower Hamlets 010
Bethnal Green East,E00183842,E02000873,Tower Hamlets 010
Bethnal Green East,E00183892,E02000873,Tower Hamlets 010
Bethnal Green East,E00183922,E02000873,Tower Hamlets 010
Bethnal Green East,E00183933,E02000873,Tower Hamlets 010
Bethnal Green East,E00184017,E02000873,Tower Hamlets 010
Bethnal Green East,E00184102,E02000873,Tower Hamlets 010
Bethnal Green East,E00184134,E02000873,Tower Hamlets 010
Bethnal Green West,E00021141,E02000865,Tower Hamlets 002
Bethnal Green West,E00021145,E02000865,Tower Hamlets 002
Bethnal Green West,E00021146,E02000868,Tower Hamlets 005
Bethnal Green West,E00021148,E02000865,Tower Hamlets 002
Bethnal Green West,E00021149,E02000865,Tower Hamlets 002
Bethnal Green West,E00021150,E02000865,Tower Hamlets 002
Bethnal Green West,E00021151,E02000865,Tower Hamlets 002
Bethnal Green West,E00021152,E02000868,Tower Hamlets 005
Bethnal Green West,E00021153,E02000868,Tower Hamlets 005
Bethnal Green West,E00021154,E02000868,Tower Hamlets 005
Bethnal Green West,E00021155,E02000868,Tower Hamlets 005
Bethnal Green West,E00021156,E02000865,Tower Hamlets 002
Bethnal Green West,E00021157,E02000865,Tower Hamlets 002
Bethnal Green West,E00021158,E02000865,Tower Hamlets 002
Bethnal Green West,E00021159,E02000868,Tower Hamlets 005
Bethnal Green West,E00021160,E02000868,Tower Hamlets 005
Bethnal Green West,E00021161,E02000868,Tower Hamlets 005
Bethnal Green West,E00021162,E02000865,Tower Hamlets 002
Bethnal Green West,E00021163,E02000868,Tower Hamlets 005
Bethnal Green West,E00021164,E02000868,Tower Hamlets 005
Bethnal Green West,E00021165,E02000865,Tower Hamlets 002
Bethnal Green West,E00021166,E02000868,Tower Hamlets 005
Bethnal Green West,E00021167,E02000868,Tower Hamlets 005
Bethnal Green West,E00021168,E02000868,Tower Hamlets 005
Bethnal Green West,E00021169,E02000868,Tower Hamlets 005
Bethnal Green West,E00021170,E02000865,Tower Hamlets 002
Bethnal Green West,E00021172,E02000865,Tower Hamlets 002
Bethnal Green West,E00021174,E02000868,Tower Hamlets 005
Bethnal Green West,E00021175,E02000865,Tower Hamlets 002
Bethnal Green West,E00021176,E02000865,Tower Hamlets 002
Bethnal Green West,E00021177,E02000868,Tower Hamlets 005
Bethnal Green West,E00021180,E02000876,Tower Hamlets 013
Bethnal Green West,E00021181,E02000876,Tower Hamlets 013
Bethnal Green West,E00021182,E02000876,Tower Hamlets 013
Bethnal Green West,E00021183,E02000876,Tower Hamlets 013
Bethnal Green West,E00021184,E02000874,Tower Hamlets 011
Bethnal Green West,E00021186,E02000876,Tower Hamlets 013
Bethnal Green West,E00021191,E02000876,Tower Hamlets 013
Bethnal Green West,E00021192,E02000876,Tower Hamlets 013
Bethnal Green West,E00021200,E02000874,Tower Hamlets 011
Bethnal Green West,E00021203,E02000874,Tower Hamlets 011
Bethnal Green West,E00021207,E02000876,Tower Hamlets 013
Bethnal Green West,E00021213,E02000876,Tower Hamlets 013
Bethnal Green West,E00021216,E02000876,Tower Hamlets 013
Bethnal Green West,E00167172,E02000865,Tower Hamlets 002
Bethnal Green West,E00167244,E02000865,Tower Hamlets 002
Bethnal Green West,E00167245,E02000868,Tower Hamlets 005
Bethnal Green West,E00183787,E02000865,Tower Hamlets 002
Bethnal Green West,E00183966,E02000865,Tower Hamlets 002
Bethnal Green West,E00183968,E02000874,Tower Hamlets 011
Bethnal Green West,E00183979,E02000874,Tower Hamlets 011
Bethnal Green West,E00184003,E02000865,Tower Hamlets 002
Bethnal Green West,E00184054,E02000868,Tower Hamlets 005
Bethnal Green West,E00184099,E02000865,Tower Hamlets 002
Bethnal Green West,E00184106,E02000874,Tower Hamlets 011
Bethnal Green West,E00184112,E02000868,Tower Hamlets 005
Bethnal Green West,E00184132,E02000874,Tower Hamlets 011
Blackwall and Cubitt Town,E00021223,E02007114,Tower Hamlets 036
Blackwall and Cubitt Town,E00021224,E02007114,Tower Hamlets 036
Blackwall and Cubitt Town,E00021227,E02000893,Tower Hamlets 030
Blackwall and Cubitt Town,E00021239,E02007113,Tower Hamlets 035
Blackwall and Cubitt Town,E00021240,E02007114,Tower Hamlets 036
Blackwall and Cubitt Town,E00021241,E02007114,Tower Hamlets 036
Blackwall and Cubitt Town,E00021243,E02007114,Tower Hamlets 036
Blackwall and Cubitt Town,E00021244,E02000893,Tower Hamlets 030
Blackwall and Cubitt Town,E00021245,E02007114,Tower Hamlets 036
Blackwall and Cubitt Town,E00021246,E02007114,Tower Hamlets 036
Blackwall and Cubitt Town,E00021247,E02000893,Tower Hamlets 030
Blackwall and Cubitt Town,E00021248,E02000893,Tower Hamlets 030
Blackwall and Cubitt Town,E00021249,E02000893,Tower Hamlets 030
Blackwall and Cubitt Town,E00021251,E02007114,Tower Hamlets 036
Blackwall and Cubitt Town,E00021252,E02000893,Tower Hamlets 030
Blackwall and Cubitt Town,E00021253,E02000893,Tower Hamlets 030
Blackwall and Cubitt Town,E00021254,E02000893,Tower Hamlets 030
Blackwall and Cubitt Town,E00021255,E02000893,Tower Hamlets 030
Blackwall and Cubitt Town,E00021256,E02000893,Tower Hamlets 030
Blackwall and Cubitt Town,E00021257,E02000893,Tower Hamlets 030
Blackwall and Cubitt Town,E00167110,E02007114,Tower Hamlets 036
Blackwall and Cubitt Town,E00167111,E02007114,Tower Hamlets 036
Blackwall and Cubitt Town,E00167123,E02007113,Tower Hamlets 035
Blackwall and Cubitt Town,E00167124,E02007113,Tower Hamlets 035
Blackwall and Cubitt Town,E00167125,E02007113,Tower Hamlets 035
Blackwall and Cubitt Town,E00167126,E02007112,Tower Hamlets 034
Blackwall and Cubitt Town,E00167137,E02007113,Tower Hamlets 035
Blackwall and Cubitt Town,E00167142,E02007113,Tower Hamlets 035
Blackwall and Cubitt Town,E00167145,E02007113,Tower Hamlets 035
Blackwall and Cubitt Town,E00167146,E02007112,Tower Hamlets 034
Blackwall and Cubitt Town,E00167147,E02007113,Tower Hamlets 035
Blackwall and Cubitt Town,E00167148,E02007112,Tower Hamlets 034
Blackwall and Cubitt Town,E00167149,E02007113,Tower Hamlets 035
Blackwall and Cubitt Town,E00167151,E02007113,Tower Hamlets 035
Blackwall and Cubitt Town,E00167170,E02007114,Tower Hamlets 036
Blackwall and Cubitt Town,E00167262,E02000893,Tower Hamlets 030
Blackwall and Cubitt Town,E00183731,E02007112,Tower Hamlets 034
Blackwall and Cubitt Town,E00183750,E02007113,Tower Hamlets 035
Blackwall and Cubitt Town,E00183753,E02007112,Tower Hamlets 034
Blackwall and Cubitt Town,E00183764,E02007112,Tower Hamlets 034
Blackwall and Cubitt Town,E00183785,E02007112,Tower Hamlets 034
Blackwall and Cubitt Town,E00183797,E02007112,Tower Hamlets 034
Blackwall and Cubitt Town,E00183818,E02007112,Tower Hamlets 034
Blackwall and Cubitt Town,E00183824,E02007114,Tower Hamlets 036
Blackwall and Cubitt Town,E00183834,E02007114,Tower Hamlets 036
Blackwall and Cubitt Town,E00183844,E02007114,Tower Hamlets 036
Blackwall and Cubitt Town,E00183847,E02007113,Tower Hamlets 035
Blackwall and Cubitt Town,E00183871,E02007113,Tower Hamlets 035
Blackwall and Cubitt Town,E00183888,E02007113,Tower Hamlets 035
Blackwall and Cubitt Town,E00183943,E02007112,Tower Hamlets 034
Blackwall and Cubitt Town,E00183948,E02007114,Tower Hamlets 036
Blackwall and Cubitt Town,E00183961,E02007112,Tower Hamlets 034
Blackwall and Cubitt Town,E00183970,E02007114,Tower Hamlets 036
Blackwall and Cubitt Town,E00183980,E02007112,Tower Hamlets 034
Blackwall and Cubitt Town,E00183991,E02007114,Tower Hamlets 036
Blackwall and Cubitt Town,E00184009,E02007112,Tower Hamlets 034
Blackwall and Cubitt Town,E00184011,E02007114,Tower Hamlets 036
Blackwall and Cubitt Town,E00184041,E02007113,Tower Hamlets 035
Blackwall and Cubitt Town,E00184045,E02007112,Tower Hamlets 034
Blackwall and Cubitt Town,E00184046,E02007112,Tower Hamlets 034
Blackwall and Cubitt Town,E00184050,E02007112,Tower Hamlets 034
Blackwall and Cubitt Town,E00184055,E02007113,Tower Hamlets 035
Blackwall and Cubitt Town,E00184061,E02007112,Tower Hamlets 034
Blackwall and Cubitt Town,E00184071,E02007112,Tower Hamlets 034
Blackwall and Cubitt Town,E00184075,E02007112,Tower Hamlets 034
Blackwall and Cubitt Town,E00184085,E02007114,Tower Hamlets 036
Blackwall and Cubitt Town,E00184086,E02007112,Tower Hamlets 034
Blackwall and Cubitt Town,E00184100,E02007114,Tower Hamlets 036
Blackwall and Cubitt Town,E00184130,E02007112,Tower Hamlets 034
Bow East,E00021260,E02000864,Tower Hamlets 001
Bow East,E00021261,E02000867,Tower Hamlets 004
Bow East,E00021262,E02000864,Tower Hamlets 001
Bow East,E00021263,E02000867,Tower Hamlets 004
Bow East,E00021266,E02000864,Tower Hamlets 001
Bow East,E00021267,E02000864,Tower Hamlets 001
Bow East,E00021268,E02000864,Tower Hamlets 001
Bow East,E00021271,E02000864,Tower Hamlets 001
Bow East,E00021272,E02000864,Tower Hamlets 001
Bow East,E00021273,E02000864,Tower Hamlets 001
Bow East,E00021274,E02000864,Tower Hamlets 001
Bow East,E00021275,E02000864,Tower Hamlets 001
Bow East,E00021277,E02000864,Tower Hamlets 001
Bow East,E00021278,E02000864,Tower Hamlets 001
Bow East,E00021279,E02000864,Tower Hamlets 001
Bow East,E00021280,E02000864,Tower Hamlets 001
Bow East,E00021282,E02000864,Tower Hamlets 001
Bow East,E00021286,E02000864,Tower Hamlets 001
Bow East,E00021288,E02000867,Tower Hamlets 004
Bow East,E00021289,E02000864,Tower Hamlets 001
Bow East,E00021290,E02000864,Tower Hamlets 001
Bow East,E00021292,E02000867,Tower Hamlets 004
Bow East,E00167088,E02000867,Tower Hamlets 004
Bow East,E00167089,E02000867,Tower Hamlets 004
Bow East,E00167090,E02000867,Tower Hamlets 004
Bow East,E00167091,E02000867,Tower Hamlets 004
Bow East,E00167092,E02000867,Tower Hamlets 004
Bow East,E00167184,E02000867,Tower Hamlets 004
Bow East,E00167185,E02000867,Tower Hamlets 004
Bow East,E00167186,E02000867,Tower Hamlets 004
Bow East,E00167187,E02000867,Tower Hamlets 004
Bow East,E00167189,E02000867,Tower Hamlets 004
Bow East,E00167190,E02000867,Tower Hamlets 004
Bow East,E00167191,E02000867,Tower Hamlets 004
Bow East,E00167192,E02000867,Tower Hamlets 004
Bow East,E00167193,E02000867,Tower Hamlets 004
Bow East,E00167194,E02000867,Tower Hamlets 004
Bow East,E00167195,E02000867,Tower Hamlets 004
Bow East,E00167196,E02000867,Tower Hamlets 004
Bow East,E00167197,E02000864,Tower Hamlets 001
Bow East,E00167198,E02000864,Tower Hamlets 001
Bow East,E00167200,E02000864,Tower Hamlets 001
Bow East,E00167201,E02000864,Tower Hamlets 001
Bow East,E00167202,E02000864,Tower Hamlets 001
Bow East,E00167246,E02000864,Tower Hamlets 001
Bow East,E00167247,E02000864,Tower Hamlets 001
Bow East,E00167263,E02000867,Tower Hamlets 004
Bow East,E00183724,E02000867,Tower Hamlets 004
Bow East,E00183762,E02000864,Tower Hamlets 001
Bow East,E00183766,E02000864,Tower Hamlets 001
Bow East,E00183777,E02000864,Tower Hamlets 001
Bow East,E00183835,E02000864,Tower Hamlets 001
Bow East,E00183887,E02000864,Tower Hamlets 001
Bow East,E00183901,E02000864,Tower Hamlets 001
Bow East,E00183911,E02000864,Tower Hamlets 001
Bow East,E00183960,E02000867,Tower Hamlets 004
Bow East,E00184004,E02000864,Tower Hamlets 001
Bow East,E00184005,E02000864,Tower Hamlets 001
Bow East,E00184040,E02000864,Tower Hamlets 001
Bow East,E00184060,E02000864,Tower Hamlets 001
Bow East,E00184065,E02000864,Tower Hamlets 001
Bow East,E00184070,E02000867,Tower Hamlets 004
Bow East,E00184073,E02000867,Tower Hamlets 004
Bow East,E00184110,E02000867,Tower Hamlets 004
Bow West,E00021294,E02000866,Tower Hamlets 003
Bow West,E00021295,E02000866,Tower Hamlets 003
Bow West,E00021296,E02000866,Tower Hamlets 003
Bow West,E00021297,E02000866,Tower Hamlets 003
Bow West,E00021298,E02000866,Tower Hamlets 003
Bow West,E00021299,E02000867,Tower Hamlets 004
Bow West,E00021300,E02000866,Tower Hamlets 003
Bow West,E00021301,E02000867,Tower Hamlets 004
Bow West,E00021302,E02000867,Tower Hamlets 004
Bow West,E00021303,E02000867,Tower Hamlets 004
Bow West,E00021304,E02000866,Tower Hamlets 003
Bow West,E00021305,E02000866,Tower Hamlets 003
Bow West,E00021306,E02000867,Tower Hamlets 004
Bow West,E00021307,E02000866,Tower Hamlets 003
Bow West,E00021308,E02000866,Tower Hamlets 003
Bow West,E00021309,E02000866,Tower Hamlets 003
Bow West,E00021310,E02000866,Tower Hamlets 003
Bow West,E00021311,E02000866,Tower Hamlets 003
Bow West,E00021312,E02000866,Tower Hamlets 003
Bow West,E00021313,E02000866,Tower Hamlets 003
Bow West,E00021315,E02000866,Tower Hamlets 003
Bow West,E00021316,E02000866,Tower Hamlets 003
Bow West,E00021317,E02000866,Tower Hamlets 003
Bow West,E00021318,E02000866,Tower Hamlets 003
Bow West,E00021319,E02000866,Tower Hamlets 003
Bow West,E00021320,E02000866,Tower Hamlets 003
Bow West,E00021321,E02000866,Tower Hamlets 003
Bow West,E00021322,E02000866,Tower Hamlets 003
Bow West,E00021323,E02000867,Tower Hamlets 004
Bow West,E00021324,E02000866,Tower Hamlets 003
Bow West,E00021325,E02000866,Tower Hamlets 003
Bow West,E00021326,E02000867,Tower Hamlets 004
Bow West,E00021327,E02000866,Tower Hamlets 003
Bow West,E00021328,E02000867,Tower Hamlets 004
Bow West,E00183953,E02000866,Tower Hamlets 003
Bow West,E00183954,E02000866,Tower Hamlets 003
Bromley North,E00021331,E02000871,Tower Hamlets 008
Bromley North,E00021335,E02000871,Tower Hamlets 008
Bromley North,E00021340,E02000871,Tower Hamlets 008
Bromley North,E00021349,E02000871,Tower Hamlets 008
Bromley North,E00021350,E02000871,Tower Hamlets 008
Bromley North,E00021351,E02000871,Tower Hamlets 008
Bromley North,E00021352,E02000871,Tower Hamlets 008
Bromley North,E00021353,E02000871,Tower Hamlets 008
Bromley North,E00021354,E02000871,Tower Hamlets 008
Bromley North,E00021355,E02000871,Tower Hamlets 008
Bromley North,E00021357,E02000871,Tower Hamlets 008
Bromley North,E00021359,E02000871,Tower Hamlets 008
Bromley North,E00021360,E02000871,Tower Hamlets 008
Bromley North,E00021361,E02000871,Tower Hamlets 008
Bromley North,E00021477,E02000875,Tower Hamlets 012
Bromley North,E00021480,E02000875,Tower Hamlets 012
Bromley North,E00021500,E02000875,Tower Hamlets 012
Bromley North,E00021501,E02000875,Tower Hamlets 012
Bromley North,E00021502,E02000875,Tower Hamlets 012
Bromley North,E00021503,E02000875,Tower Hamlets 012
Bromley North,E00021504,E02000875,Tower Hamlets 012
Bromley North,E00021505,E02000875,Tower Hamlets 012
Bromley North,E00021507,E02000875,Tower Hamlets 012
Bromley North,E00167217,E02000871,Tower Hamlets 008
Bromley North,E00167264,E02000871,Tower Hamlets 008
Bromley North,E00183767,E02000877,Tower Hamlets 014
Bromley North,E00183769,E02000871,Tower Hamlets 008
Bromley North,E00183788,E02000875,Tower Hamlets 012
Bromley North,E00183807,E02000871,Tower Hamlets 008
Bromley North,E00183837,E02000871,Tower Hamlets 008
Bromley North,E00183843,E02000875,Tower Hamlets 012
Bromley North,E00183897,E02000871,Tower Hamlets 008
Bromley North,E00184015,E02000877,Tower Hamlets 014
Bromley North,E00184128,E02000875,Tower Hamlets 012
Bromley South,E00021329,E02000875,Tower Hamlets 012
Bromley South,E00021330,E02000875,Tower Hamlets 012
Bromley South,E00021332,E02000875,Tower Hamlets 012
Bromley South,E00021333,E02000875,Tower Hamlets 012
Bromley South,E00021334,E02000871,Tower Hamlets 008
Bromley South,E00021336,E02000875,Tower Hamlets 012
Bromley South,E00021337,E02000871,Tower Hamlets 008
Bromley South,E00021339,E02000875,Tower Hamlets 012
Bromley South,E00021342,E02000875,Tower Hamlets 012
Bromley South,E00021344,E02000875,Tower Hamlets 012
Bromley South,E00021345,E02000875,Tower Hamlets 012
Bromley South,E00021346,E02000875,Tower Hamlets 012
Bromley South,E00021347,E02000875,Tower Hamlets 012
Bromley South,E00167212,E02000875,Tower Hamlets 012
Bromley South,E00167213,E02000871,Tower Hamlets 008
Bromley South,E00167214,E02000871,Tower Hamlets 008
Bromley South,E00167216,E02000875,Tower Hamlets 012
Bromley South,E00167218,E02000871,Tower Hamlets 008
Bromley South,E00183776,E02000871,Tower Hamlets 008
Bromley South,E00183784,E02000871,Tower Hamlets 008
Bromley South,E00183789,E02000871,Tower Hamlets 008
Bromley South,E00183800,E02000875,Tower Hamlets 012
Bromley South,E00183849,E02000875,Tower Hamlets 012
Bromley South,E00183854,E02000875,Tower Hamlets 012
Bromley South,E00183885,E02000875,Tower Hamlets 012
Bromley South,E00183902,E02000875,Tower Hamlets 012
Bromley South,E00183923,E02000875,Tower Hamlets 012
Bromley South,E00183942,E02000871,Tower Hamlets 008
Bromley South,E00183951,E02000875,Tower Hamlets 012
Bromley South,E00183982,E02000875,Tower Hamlets 012
Bromley South,E00183985,E02000875,Tower Hamlets 012
Bromley South,E00184014,E02000875,Tower Hamlets 012
Bromley South,E00184022,E02000875,Tower Hamlets 012
Bromley South,E00184042,E02000871,Tower Hamlets 008
Bromley South,E00184044,E02000871,Tower Hamlets 008
Bromley South,E00184051,E02000871,Tower Hamlets 008
Bromley South,E00184088,E02000875,Tower Hamlets 012
Bromley South,E00184107,E02000871,Tower Hamlets 008
Bromley South,E00184114,E02000875,Tower Hamlets 012
Bromley South,E00184126,E02000875,Tower Hamlets 012
Canary Wharf,E00021510,E02006854,Tower Hamlets 033
Canary Wharf,E00021511,E02006854,Tower Hamlets 033
Canary Wharf,E00021541,E02006854,Tower Hamlets 033
Canary Wharf,E00021542,E02006854,Tower Hamlets 033
Canary Wharf,E00021543,E02006854,Tower Hamlets 033
Canary Wharf,E00021544,E02006854,Tower Hamlets 033
Canary Wharf,E00021546,E02006854,Tower Hamlets 033
Canary Wharf,E00021547,E02006853,Tower Hamlets 032
Canary Wharf,E00021549,E02006854,Tower Hamlets 033
Canary Wharf,E00021550,E02006853,Tower Hamlets 032
Canary Wharf,E00021552,E02006853,Tower Hamlets 032
Canary Wharf,E00021553,E02006853,Tower Hamlets 032
Canary Wharf,E00021554,E02006853,Tower Hamlets 032
Canary Wharf,E00167113,E02006854,Tower Hamlets 033
Canary Wharf,E00167114,E02006853,Tower Hamlets 032
Canary Wharf,E00167116,E02006853,Tower Hamlets 032
Canary Wharf,E00167119,E02000894,Tower Hamlets 031
Canary Wharf,E00167121,E02006854,Tower Hamlets 033
Canary Wharf,E00167122,E02006854,Tower Hamlets 033
Canary Wharf,E00167131,E02006853,Tower Hamlets 032
Canary Wharf,E00167133,E02006853,Tower Hamlets 032
Canary Wharf,E00167135,E02006853,Tower Hamlets 032
Canary Wharf,E00167152,E02006854,Tower Hamlets 033
Canary Wharf,E00167157,E02006854,Tower Hamlets 033
Canary Wharf,E00167158,E02006854,Tower Hamlets 033
Canary Wharf,E00167159,E02006854,Tower Hamlets 033
Canary Wharf,E00167164,E02006853,Tower Hamlets 032
Canary Wharf,E00167165,E02006854,Tower Hamlets 033
Canary Wharf,E00167182,E02006854,Tower Hamlets 033
Canary Wharf,E00167183,E02006853,Tower Hamlets 032
Canary Wharf,E00167220,E02006854,Tower Hamlets 033
Canary Wharf,E00167248,E02006854,Tower Hamlets 033
Canary Wharf,E00167249,E02006854,Tower Hamlets 033
Canary Wharf,E00167250,E02006854,Tower Hamlets 033
Canary Wharf,E00183773,E02006854,Tower Hamlets 033
Canary Wharf,E00183780,E02006853,Tower Hamlets 032
Canary Wharf,E00183832,E02006853,Tower Hamlets 032
Canary Wharf,E00183848,E02006853,Tower Hamlets 032
Canary Wharf,E00183860,E02006853,Tower Hamlets 032
Canary Wharf,E00183867,E02006853,Tower Hamlets 032
Canary Wharf,E00183878,E02006853,Tower Hamlets 032
Canary Wharf,E00183882,E02006853,Tower Hamlets 032
Canary Wharf,E00183890,E02006853,Tower Hamlets 032
Canary Wharf,E00183895,E02006853,Tower Hamlets 032
Canary Wharf,E00183931,E02006853,Tower Hamlets 032
Canary Wharf,E00183934,E02006853,Tower Hamlets 032
Canary Wharf,E00183939,E02006854,Tower Hamlets 033
Canary Wharf,E00183957,E02006853,Tower Hamlets 032
Canary Wharf,E00183958,E02006853,Tower Hamlets 032
Canary Wharf,E00183959,E02006853,Tower Hamlets 032
Canary Wharf,E00183965,E02006853,Tower Hamlets 032
Canary Wharf,E00184000,E02006853,Tower Hamlets 032
Canary Wharf,E00184008,E02006853,Tower Hamlets 032
Canary Wharf,E00184043,E02006853,Tower Hamlets 032
Canary Wharf,E00184074,E02006853,Tower Hamlets 032
Canary Wharf,E00184082,E02006853,Tower Hamlets 032
Canary Wharf,E00184092,E02006853,Tower Hamlets 032
Canary Wharf,E00184117,E02006854,Tower Hamlets 033
Island Gardens,E00021218,E02000893,Tower Hamlets 030
Island Gardens,E00021219,E02000893,Tower Hamlets 030
Island Gardens,E00021220,E02000893,Tower Hamlets 030
Island Gardens,E00021225,E02000893,Tower Hamlets 030
Island Gardens,E00021228,E02000893,Tower Hamlets 030
Island Gardens,E00021229,E02000893,Tower Hamlets 030
Island Gardens,E00021230,E02000893,Tower Hamlets 030
Island Gardens,E00021231,E02000893,Tower Hamlets 030
Island Gardens,E00021258,E02000893,Tower Hamlets 030
Island Gardens,E00021259,E02000893,Tower Hamlets 030
Island Gardens,E00021516,E02000894,Tower Hamlets 031
Island Gardens,E00021517,E02000894,Tower Hamlets 031
Island Gardens,E00021518,E02000894,Tower Hamlets 031
Island Gardens,E00021519,E02000894,Tower Hamlets 031
Island Gardens,E00021520,E02000894,Tower Hamlets 031
Island Gardens,E00021521,E02000894,Tower Hamlets 031
Island Gardens,E00021522,E02000894,Tower Hamlets 031
Island Gardens,E00021524,E02000894,Tower Hamlets 031
Island Gardens,E00021525,E02000894,Tower Hamlets 031
Island Gardens,E00021526,E02000894,Tower Hamlets 031
Island Gardens,E00021527,E02000894,Tower Hamlets 031
Island Gardens,E00021528,E02000894,Tower Hamlets 031
Island Gardens,E00021529,E02000894,Tower Hamlets 031
Island Gardens,E00021532,E02000894,Tower Hamlets 031
Island Gardens,E00021533,E02000894,Tower Hamlets 031
Island Gardens,E00021534,E02000894,Tower Hamlets 031
Island Gardens,E00021536,E02000894,Tower Hamlets 031
Island Gardens,E00021537,E02000894,Tower Hamlets 031
Island Gardens,E00021539,E02000894,Tower Hamlets 031
Island Gardens,E00021555,E02006853,Tower Hamlets 032
Island Gardens,E00021556,E02000894,Tower Hamlets 031
Island Gardens,E00021557,E02000894,Tower Hamlets 031
Island Gardens,E00167079,E02000894,Tower Hamlets 031
Island Gardens,E00167080,E02000894,Tower Hamlets 031
Island Gardens,E00167081,E02000893,Tower Hamlets 030
Island Gardens,E00167118,E02000894,Tower Hamlets 031
Island Gardens,E00167134,E02000894,Tower Hamlets 031
Island Gardens,E00167162,E02000894,Tower Hamlets 031
Island Gardens,E00167163,E02000894,Tower Hamlets 031
Island Gardens,E00183778,E02000894,Tower Hamlets 031
Island Gardens,E00183925,E02000894,Tower Hamlets 031
Island Gardens,E00183984,E02000894,Tower Hamlets 031
Island Gardens,E00183995,E02000894,Tower Hamlets 031
Island Gardens,E00184038,E02000894,Tower Hamlets 031
Island Gardens,E00184067,E02000894,Tower Hamlets 031
Island Gardens,E00184101,E02000894,Tower Hamlets 031
Lansbury,E00021363,E02000883,Tower Hamlets 020
Lansbury,E00021364,E02000881,Tower Hamlets 018
Lansbury,E00021365,E02000881,Tower Hamlets 018
Lansbury,E00021367,E02000883,Tower Hamlets 020
Lansbury,E00021371,E02000881,Tower Hamlets 018
Lansbury,E00021372,E02000881,Tower Hamlets 018
Lansbury,E00021375,E02000883,Tower Hamlets 020
Lansbury,E00021377,E02000883,Tower Hamlets 020
Lansbury,E00021379,E02000883,Tower Hamlets 020
Lansbury,E00021380,E02000883,Tower Hamlets 020
Lansbury,E00021382,E02000881,Tower Hamlets 018
Lansbury,E00021383,E02000881,Tower Hamlets 018
Lansbury,E00021384,E02000881,Tower Hamlets 018
Lansbury,E00021386,E02000881,Tower Hamlets 018
Lansbury,E00021388,E02000881,Tower Hamlets 018
Lansbury,E00021392,E02000881,Tower Hamlets 018
Lansbury,E00021393,E02000881,Tower Hamlets 018
Lansbury,E00021394,E02000883,Tower Hamlets 020
Lansbury,E00021395,E02000883,Tower Hamlets 020
Lansbury,E00021396,E02000883,Tower Hamlets 020
Lansbury,E00021397,E02000883,Tower Hamlets 020
Lansbury,E00167128,E02000881,Tower Hamlets 018
Lansbury,E00167136,E02000883,Tower Hamlets 020
Lansbury,E00167161,E02000883,Tower Hamlets 020
Lansbury,E00167228,E02000883,Tower Hamlets 020
Lansbury,E00167229,E02000883,Tower Hamlets 020
Lansbury,E00167231,E02000883,Tower Hamlets 020
Lansbury,E00167234,E02000881,Tower Hamlets 018
Lansbury,E00183710,E02000887,Tower Hamlets 024
Lansbury,E00183712,E02000887,Tower Hamlets 024
Lansbury,E00183725,E02000883,Tower Hamlets 020
Lansbury,E00183751,E02000883,Tower Hamlets 020
Lansbury,E00183752,E02000881,Tower Hamlets 018
Lansbury,E00183759,E02000881,Tower Hamlets 018
Lansbury,E00183791,E02000881,Tower Hamlets 018
Lansbury,E00183794,E02000881,Tower Hamlets 018
Lansbury,E00183795,E02000881,Tower Hamlets 018
Lansbury,E00183805,E02000887,Tower Hamlets 024
Lansbury,E00183825,E02000881,Tower Hamlets 018
Lansbury,E00183841,E02000881,Tower Hamlets 018
Lansbury,E00183851,E02000883,Tower Hamlets 020
Lansbury,E00183865,E02000887,Tower Hamlets 024
Lansbury,E00183869,E02000881,Tower Hamlets 018
Lansbury,E00183880,E02000881,Tower Hamlets 018
Lansbury,E00183900,E02000881,Tower Hamlets 018
Lansbury,E00183928,E02000883,Tower Hamlets 020
Lansbury,E00183932,E02000881,Tower Hamlets 018
Lansbury,E00183975,E02000883,Tower Hamlets 020
Lansbury,E00183978,E02000881,Tower Hamlets 018
Lansbury,E00183989,E02000883,Tower Hamlets 020
Lansbury,E00184013,E02000883,Tower Hamlets 020
Lansbury,E00184028,E02000881,Tower Hamlets 018
Lansbury,E00184039,E02000881,Tower Hamlets 018
Lansbury,E00184066,E02000881,Tower Hamlets 018
Lansbury,E00184072,E02000881,Tower Hamlets 018
Lansbury,E00184077,E02000883,Tower Hamlets 020
Lansbury,E00184079,E02000883,Tower Hamlets 020
Lansbury,E00184104,E02000887,Tower Hamlets 024
Lansbury,E00184119,E02000887,Tower Hamlets 024
Lansbury,E00184125,E02000883,Tower Hamlets 020
Limehouse,E00021399,E02000886,Tower Hamlets 023
Limehouse,E00021404,E02000886,Tower Hamlets 023
Limehouse,E00021408,E02000886,Tower Hamlets 023
Limehouse,E00021409,E02000886,Tower Hamlets 023
Limehouse,E00021411,E02000886,Tower Hamlets 023
Limehouse,E00021413,E02000886,Tower Hamlets 023
Limehouse,E00021418,E02000886,Tower Hamlets 023
Limehouse,E00021420,E02000886,Tower Hamlets 023
Limehouse,E00021421,E02000886,Tower Hamlets 023
Limehouse,E00021423,E02000886,Tower Hamlets 023
Limehouse,E00021424,E02000886,Tower Hamlets 023
Limehouse,E00021425,E02000886,Tower Hamlets 023
Limehouse,E00021427,E02000886,Tower Hamlets 023
Limehouse,E00021658,E02000888,Tower Hamlets 025
Limehouse,E00167103,E02000888,Tower Hamlets 025
Limehouse,E00167104,E02000888,Tower Hamlets 025
Limehouse,E00167106,E02000888,Tower Hamlets 025
Limehouse,E00167107,E02000888,Tower Hamlets 025
Limehouse,E00167154,E02000886,Tower Hamlets 023
Limehouse,E00167236,E02000888,Tower Hamlets 025
Limehouse,E00167237,E02000888,Tower Hamlets 025
Limehouse,E00183986,E02000886,Tower Hamlets 023
Mile End,E00021402,E02000887,Tower Hamlets 024
Mile End,E00021430,E02000886,Tower Hamlets 023
Mile End,E00021431,E02000886,Tower Hamlets 023
Mile End,E00021432,E02000886,Tower Hamlets 023
Mile End,E00021434,E02000886,Tower Hamlets 023
Mile End,E00021437,E02000887,Tower Hamlets 024
Mile End,E00021476,E02000877,Tower Hamlets 014
Mile End,E00021479,E02000877,Tower Hamlets 014
Mile End,E00021481,E02000877,Tower Hamlets 014
Mile End,E00021482,E02000877,Tower Hamlets 014
Mile End,E00021484,E02000877,Tower Hamlets 014
Mile End,E00021485,E02000877,Tower Hamlets 014
Mile End,E00021486,E02000877,Tower Hamlets 014
Mile End,E00021488,E02000877,Tower Hamlets 014
Mile End,E00021489,E02000877,Tower Hamlets 014
Mile End,E00021490,E02000877,Tower Hamlets 014
Mile End,E00021492,E02000877,Tower Hamlets 014
Mile End,E00021493,E02000877,Tower Hamlets 014
Mile End,E00021496,E02000877,Tower Hamlets 014
Mile End,E00021497,E02000877,Tower Hamlets 014
Mile End,E00021498,E02000877,Tower Hamlets 014
Mile End,E00021506,E02000877,Tower Hamlets 014
Mile End,E00021508,E02000877,Tower Hamlets 014
Mile End,E00021509,E02000877,Tower Hamlets 014
Mile End,E00167085,E02000887,Tower Hamlets 024
Mile End,E00167087,E02000886,Tower Hamlets 023
Mile End,E00167219,E02000887,Tower Hamlets 024
Mile End,E00167227,E02000887,Tower Hamlets 024
Mile End,E00167230,E02000887,Tower Hamlets 024
Mile End,E00167233,E02000887,Tower Hamlets 024
Mile End,E00183711,E02000887,Tower Hamlets 024
Mile End,E00183713,E02000887,Tower Hamlets 024
Mile End,E00183714,E02000877,Tower Hamlets 014
Mile End,E00183727,E02000887,Tower Hamlets 024
Mile End,E00183728,E02000887,Tower Hamlets 024
Mile End,E00183790,E02000877,Tower Hamlets 014
Mile End,E00183814,E02000877,Tower Hamlets 014
Mile End,E00183821,E02000877,Tower Hamlets 014
Mile End,E00183830,E02000877,Tower Hamlets 014
Mile End,E00183833,E02000877,Tower Hamlets 014
Mile End,E00183836,E02000886,Tower Hamlets 023
Mile End,E00183840,E02000886,Tower Hamlets 023
Mile End,E00183863,E02000886,Tower Hamlets 023
Mile End,E00183864,E02000877,Tower Hamlets 014
Mile End,E00183874,E02000877,Tower Hamlets 014
Mile End,E00183896,E02000886,Tower Hamlets 023
Mile End,E00183905,E02000877,Tower Hamlets 014
Mile End,E00183908,E02000877,Tower Hamlets 014
Mile End,E00183915,E02000886,Tower Hamlets 023
Mile End,E00183935,E02000877,Tower Hamlets 014
Mile End,E00183987,E02000886,Tower Hamlets 023
Mile End,E00183992,E02000877,Tower Hamlets 014
Mile End,E00184007,E02000877,Tower Hamlets 014
Mile End,E00184057,E02000877,Tower Hamlets 014
Mile End,E00184062,E02000886,Tower Hamlets 023
Mile End,E00184063,E02000877,Tower Hamlets 014
Mile End,E00184095,E02000886,Tower Hamlets 023
Poplar,E00021235,E02007113,Tower Hamlets 035
Poplar,E00021236,E02007113,Tower Hamlets 035
Poplar,E00021398,E02000887,Tower Hamlets 024
Poplar,E00021400,E02000887,Tower Hamlets 024
Poplar,E00021407,E02000887,Tower Hamlets 024
Poplar,E00021410,E02000887,Tower Hamlets 024
Poplar,E00021412,E02000887,Tower Hamlets 024
Poplar,E00021414,E02000887,Tower Hamlets 024
Poplar,E00021415,E02000887,Tower Hamlets 024
Poplar,E00021416,E02000887,Tower Hamlets 024
Poplar,E00021417,E02000887,Tower Hamlets 024
Poplar,E00021419,E02000887,Tower Hamlets 024
Poplar,E00021422,E02000887,Tower Hamlets 024
Poplar,E00021426,E02000887,Tower Hamlets 024
Poplar,E00167143,E02007113,Tower Hamlets 035
Poplar,E00167144,E02007113,Tower Hamlets 035
Poplar,E00167181,E02007113,Tower Hamlets 035
Poplar,E00183726,E02000887,Tower Hamlets 024
Poplar,E00183754,E02007113,Tower Hamlets 035
Poplar,E00183856,E02007113,Tower Hamlets 035
Poplar,E00183866,E02007113,Tower Hamlets 035
Poplar,E00183875,E02007113,Tower Hamlets 035
Poplar,E00184083,E02007113,Tower Hamlets 035
Shadwell,E00021637,E02000885,Tower Hamlets 022
Shadwell,E00021639,E02000885,Tower Hamlets 022
Shadwell,E00021640,E02000885,Tower Hamlets 022
Shadwell,E00021641,E02000885,Tower Hamlets 022
Shadwell,E00021642,E02000888,Tower Hamlets 025
Shadwell,E00021643,E02000885,Tower Hamlets 022
Shadwell,E00021644,E02000885,Tower Hamlets 022
Shadwell,E00021646,E02000885,Tower Hamlets 022
Shadwell,E00021649,E02000888,Tower Hamlets 025
Shadwell,E00021650,E02000888,Tower Hamlets 025
Shadwell,E00021653,E02000888,Tower Hamlets 025
Shadwell,E00021654,E02000885,Tower Hamlets 022
Shadwell,E00021655,E02000888,Tower Hamlets 025
Shadwell,E00021656,E02000888,Tower Hamlets 025
Shadwell,E00021659,E02000885,Tower Hamlets 022
Shadwell,E00021660,E02000885,Tower Hamlets 022
Shadwell,E00021661,E02000885,Tower Hamlets 022
Shadwell,E00021662,E02000885,Tower Hamlets 022
Shadwell,E00021663,E02000885,Tower Hamlets 022
Shadwell,E00021665,E02000885,Tower Hamlets 022
Shadwell,E00021667,E02000888,Tower Hamlets 025
Shadwell,E00021668,E02000885,Tower Hamlets 022
Shadwell,E00021669,E02000885,Tower Hamlets 022
Shadwell,E00021670,E02000885,Tower Hamlets 022
Shadwell,E00021671,E02000888,Tower Hamlets 025
Shadwell,E00167221,E02000888,Tower Hamlets 025
Shadwell,E00167222,E02000888,Tower Hamlets 025
Shadwell,E00167224,E02000888,Tower Hamlets 025
Shadwell,E00167225,E02000888,Tower Hamlets 025
Shadwell,E00167226,E02000888,Tower Hamlets 025
Shadwell,E00183779,E02000888,Tower Hamlets 025
Shadwell,E00183806,E02000888,Tower Hamlets 025
Shadwell,E00183936,E02000888,Tower Hamlets 025
Shadwell,E00183973,E02000888,Tower Hamlets 025
Spitalfields and Banglatown,E00021193,E02000876,Tower Hamlets 013
Spitalfields and Banglatown,E00021194,E02000876,Tower Hamlets 013
Spitalfields and Banglatown,E00021204,E02000876,Tower Hamlets 013
Spitalfields and Banglatown,E00021672,E02000878,Tower Hamlets 015
Spitalfields and Banglatown,E00021673,E02000878,Tower Hamlets 015
Spitalfields and Banglatown,E00021674,E02000878,Tower Hamlets 015
Spitalfields and Banglatown,E00021675,E02000878,Tower Hamlets 015
Spitalfields and Banglatown,E00021676,E02000878,Tower Hamlets 015
Spitalfields and Banglatown,E00021677,E02000878,Tower Hamlets 015
Spitalfields and Banglatown,E00021678,E02000878,Tower Hamlets 015
Spitalfields and Banglatown,E00021679,E02000878,Tower Hamlets 015
Spitalfields and Banglatown,E00021680,E02000878,Tower Hamlets 015
Spitalfields and Banglatown,E00021681,E02000878,Tower Hamlets 015
Spitalfields and Banglatown,E00021682,E02000878,Tower Hamlets 015
Spitalfields and Banglatown,E00021683,E02000878,Tower Hamlets 015
Spitalfields and Banglatown,E00021685,E02000878,Tower Hamlets 015
Spitalfields and Banglatown,E00021686,E02000878,Tower Hamlets 015
Spitalfields and Banglatown,E00021687,E02000878,Tower Hamlets 015
Spitalfields and Banglatown,E00021688,E02000878,Tower Hamlets 015
Spitalfields and Banglatown,E00021690,E02000878,Tower Hamlets 015
Spitalfields and Banglatown,E00021691,E02000878,Tower Hamlets 015
Spitalfields and Banglatown,E00021692,E02000878,Tower Hamlets 015
Spitalfields and Banglatown,E00021693,E02000878,Tower Hamlets 015
Spitalfields and Banglatown,E00021694,E02000878,Tower Hamlets 015
Spitalfields and Banglatown,E00167095,E02000878,Tower Hamlets 015
Spitalfields and Banglatown,E00167169,E02000878,Tower Hamlets 015
Spitalfields and Banglatown,E00167171,E02000876,Tower Hamlets 013
Spitalfields and Banglatown,E00167173,E02000876,Tower Hamlets 013
Spitalfields and Banglatown,E00167178,E02000872,Tower Hamlets 009
Spitalfields and Banglatown,E00183799,E02000878,Tower Hamlets 015
Spitalfields and Banglatown,E00183838,E02000878,Tower Hamlets 015
Spitalfields and Banglatown,E00183889,E02000872,Tower Hamlets 009
Spitalfields and Banglatown,E00183913,E02000878,Tower Hamlets 015
Spitalfields and Banglatown,E00183926,E02000878,Tower Hamlets 015
Spitalfields and Banglatown,E00184136,E02000878,Tower Hamlets 015
St Dunstan's,E00021439,E02000873,Tower Hamlets 010
St Dunstan's,E00021440,E02000873,Tower Hamlets 010
St Dunstan's,E00021445,E02000873,Tower Hamlets 010
St Dunstan's,E00021446,E02000873,Tower Hamlets 010
St Dunstan's,E00021467,E02000873,Tower Hamlets 010
St Dunstan's,E00021473,E02000873,Tower Hamlets 010
St Dunstan's,E00021474,E02000873,Tower Hamlets 010
St Dunstan's,E00021475,E02000873,Tower Hamlets 010
St Dunstan's,E00021559,E02000882,Tower Hamlets 019
St Dunstan's,E00021560,E02000882,Tower Hamlets 019
St Dunstan's,E00021561,E02000879,Tower Hamlets 016
St Dunstan's,E00021563,E02000882,Tower Hamlets 019
St Dunstan's,E00021565,E02000882,Tower Hamlets 019
St Dunstan's,E00021567,E02000879,Tower Hamlets 016
St Dunstan's,E00021582,E02000882,Tower Hamlets 019
St Dunstan's,E00021585,E02000882,Tower Hamlets 019
St Dunstan's,E00167105,E02000882,Tower Hamlets 019
St Dunstan's,E00167238,E02000882,Tower Hamlets 019
St Dunstan's,E00167239,E02000882,Tower Hamlets 019
St Dunstan's,E00167253,E02000882,Tower Hamlets 019
St Dunstan's,E00167256,E02000882,Tower Hamlets 019
St Dunstan's,E00167257,E02000882,Tower Hamlets 019
St Dunstan's,E00167258,E02000882,Tower Hamlets 019
St Dunstan's,E00183808,E02000879,Tower Hamlets 016
St Dunstan's,E00183817,E02000882,Tower Hamlets 019
St Dunstan's,E00183822,E02000879,Tower Hamlets 016
St Dunstan's,E00183829,E02000882,Tower Hamlets 019
St Dunstan's,E00183883,E02000882,Tower Hamlets 019
St Dunstan's,E00183919,E02000882,Tower Hamlets 019
St Dunstan's,E00183946,E02000882,Tower Hamlets 019
St Dunstan's,E00183950,E02000882,Tower Hamlets 019
St Dunstan's,E00183998,E02000882,Tower Hamlets 019
St Dunstan's,E00184001,E02000882,Tower Hamlets 019
St Dunstan's,E00184019,E02000882,Tower Hamlets 019
St Dunstan's,E00184021,E02000882,Tower Hamlets 019
St Dunstan's,E00184024,E02000882,Tower Hamlets 019
St Dunstan's,E00184036,E02000882,Tower Hamlets 019
St Dunstan's,E00184047,E02000882,Tower Hamlets 019
St Dunstan's,E00184068,E02000882,Tower Hamlets 019
St Dunstan's,E00184108,E02000882,Tower Hamlets 019
St Dunstan's,E00184121,E02000882,Tower Hamlets 019
St Katharine's and Wapping,E00021596,E02000890,Tower Hamlets 027
St Katharine's and Wapping,E00021597,E02000889,Tower Hamlets 026
St Katharine's and Wapping,E00021598,E02000889,Tower Hamlets 026
St Katharine's and Wapping,E00021599,E02000889,Tower Hamlets 026
St Katharine's and Wapping,E00021600,E02000889,Tower Hamlets 026
St Katharine's and Wapping,E00021601,E02000890,Tower Hamlets 027
St Katharine's and Wapping,E00021602,E02000889,Tower Hamlets 026
St Katharine's and Wapping,E00021603,E02000890,Tower Hamlets 027
St Katharine's and Wapping,E00021604,E02000890,Tower Hamlets 027
St Katharine's and Wapping,E00021605,E02000890,Tower Hamlets 027
St Katharine's and Wapping,E00021606,E02000890,Tower Hamlets 027
St Katharine's and Wapping,E00021607,E02000889,Tower Hamlets 026
St Katharine's and Wapping,E00021608,E02000890,Tower Hamlets 027
St Katharine's and Wapping,E00021610,E02000890,Tower Hamlets 027
St Katharine's and Wapping,E00021611,E02000890,Tower Hamlets 027
St Katharine's and Wapping,E00021612,E02000890,Tower Hamlets 027
St Katharine's and Wapping,E00021613,E02000890,Tower Hamlets 027
St Katharine's and Wapping,E00021614,E02000890,Tower Hamlets 027
St Katharine's and Wapping,E00021615,E02000890,Tower Hamlets 027
St Katharine's and Wapping,E00021622,E02000889,Tower Hamlets 026
St Katharine's and Wapping,E00021626,E02000890,Tower Hamlets 027
St Katharine's and Wapping,E00021628,E02000890,Tower Hamlets 027
St Katharine's and Wapping,E00021629,E02000890,Tower Hamlets 027
St Katharine's and Wapping,E00021631,E02000890,Tower Hamlets 027
St Katharine's and Wapping,E00021632,E02000889,Tower Hamlets 026
St Katharine's and Wapping,E00021633,E02000890,Tower Hamlets 027
St Katharine's and Wapping,E00021634,E02000890,Tower Hamlets 027
St Katharine's and Wapping,E00021635,E02000890,Tower Hamlets 027
St Katharine's and Wapping,E00021636,E02000889,Tower Hamlets 026
St Katharine's and Wapping,E00021648,E02000888,Tower Hamlets 025
St Katharine's and Wapping,E00021651,E02000888,Tower Hamlets 025
St Katharine's and Wapping,E00021652,E02000888,Tower Hamlets 025
St Katharine's and Wapping,E00021657,E02000888,Tower Hamlets 025
St Katharine's and Wapping,E00167174,E02000890,Tower Hamlets 027
St Katharine's and Wapping,E00167175,E02000890,Tower Hamlets 027
St Katharine's and Wapping,E00183737,E02000889,Tower Hamlets 026
St Katharine's and Wapping,E00183738,E02000889,Tower Hamlets 026
St Katharine's and Wapping,E00183739,E02000889,Tower Hamlets 026
St Katharine's and Wapping,E00183741,E02000889,Tower Hamlets 026
St Katharine's and Wapping,E00183742,E02000889,Tower Hamlets 026
St Katharine's and Wapping,E00183793,E02000889,Tower Hamlets 026
St Katharine's and Wapping,E00183972,E02000889,Tower Hamlets 026
St Katharine's and Wapping,E00184016,E02000889,Tower Hamlets 026
St Katharine's and Wapping,E00184089,E02000889,Tower Hamlets 026
St Katharine's and Wapping,E00184111,E02000889,Tower Hamlets 026
St Katharine's and Wapping,E00184127,E02000889,Tower Hamlets 026
Stepney Green,E00021562,E02000879,Tower Hamlets 016
Stepney Green,E00021564,E02000879,Tower Hamlets 016
Stepney Green,E00021566,E02000879,Tower Hamlets 016
Stepney Green,E00021569,E02000879,Tower Hamlets 016
Stepney Green,E00021572,E02000879,Tower Hamlets 016
Stepney Green,E00021574,E02000879,Tower Hamlets 016
Stepney Green,E00021577,E02000879,Tower Hamlets 016
Stepney Green,E00021583,E02000879,Tower Hamlets 016
Stepney Green,E00021584,E02000882,Tower Hamlets 019
Stepney Green,E00021586,E02000879,Tower Hamlets 016
Stepney Green,E00021587,E02000882,Tower Hamlets 019
Stepney Green,E00021588,E02000879,Tower Hamlets 016
Stepney Green,E00021590,E02000879,Tower Hamlets 016
Stepney Green,E00021591,E02000882,Tower Hamlets 019
Stepney Green,E00021592,E02000879,Tower Hamlets 016
Stepney Green,E00021593,E02000879,Tower Hamlets 016
Stepney Green,E00021594,E02000879,Tower Hamlets 016
Stepney Green,E00021736,E02000880,Tower Hamlets 017
Stepney Green,E00021737,E02000880,Tower Hamlets 017
Stepney Green,E00021745,E02000880,Tower Hamlets 017
Stepney Green,E00021753,E02000880,Tower Hamlets 017
Stepney Green,E00021754,E02000880,Tower Hamlets 017
Stepney Green,E00021755,E02000880,Tower Hamlets 017
Stepney Green,E00021756,E02000880,Tower Hamlets 017
Stepney Green,E00021757,E02000880,Tower Hamlets 017
Stepney Green,E00021759,E02000880,Tower Hamlets 017
Stepney Green,E00021760,E02000880,Tower Hamlets 017
Stepney Green,E00021763,E02000880,Tower Hamlets 017
Stepney Green,E00021764,E02000880,Tower Hamlets 017
Stepney Green,E00167241,E02000879,Tower Hamlets 016
Stepney Green,E00167252,E02000879,Tower Hamlets 016
Stepney Green,E00167260,E02000879,Tower Hamlets 016
Stepney Green,E00167261,E02000879,Tower Hamlets 016
Weavers,E00021695,E02000872,Tower Hamlets 009
Weavers,E00021697,E02000869,Tower Hamlets 006
Weavers,E00021698,E02000869,Tower Hamlets 006
Weavers,E00021699,E02000869,Tower Hamlets 006
Weavers,E00021700,E02000869,Tower Hamlets 006
Weavers,E00021701,E02000872,Tower Hamlets 009
Weavers,E00021702,E02000872,Tower Hamlets 009
Weavers,E00021703,E02000869,Tower Hamlets 006
Weavers,E00021704,E02000872,Tower Hamlets 009
Weavers,E00021705,E02000872,Tower Hamlets 009
Weavers,E00021706,E02000872,Tower Hamlets 009
Weavers,E00021707,E02000872,Tower Hamlets 009
Weavers,E00021708,E02000869,Tower Hamlets 006
Weavers,E00021709,E02000872,Tower Hamlets 009
Weavers,E00021710,E02000869,Tower Hamlets 006
Weavers,E00021711,E02000872,Tower Hamlets 009
Weavers,E00021712,E02000869,Tower Hamlets 006
Weavers,E00021713,E02000872,Tower Hamlets 009
Weavers,E00021714,E02000869,Tower Hamlets 006
Weavers,E00021715,E02000872,Tower Hamlets 009
Weavers,E00021716,E02000872,Tower Hamlets 009
Weavers,E00021717,E02000872,Tower Hamlets 009
Weavers,E00021718,E02000872,Tower Hamlets 009
Weavers,E00021719,E02000872,Tower Hamlets 009
Weavers,E00021722,E02000869,Tower Hamlets 006
Weavers,E00021723,E02000869,Tower Hamlets 006
Weavers,E00021724,E02000869,Tower Hamlets 006
Weavers,E00021725,E02000869,Tower Hamlets 006
Weavers,E00021726,E02000869,Tower Hamlets 006
Weavers,E00021727,E02000869,Tower Hamlets 006
Weavers,E00021728,E02000869,Tower Hamlets 006
Weavers,E00021729,E02000869,Tower Hamlets 006
Weavers,E00021730,E02000869,Tower Hamlets 006
Weavers,E00021731,E02000872,Tower Hamlets 009
Weavers,E00021732,E02000869,Tower Hamlets 006
Weavers,E00167179,E02000872,Tower Hamlets 009
Weavers,E00183730,E02000872,Tower Hamlets 009
Weavers,E00183804,E02000872,Tower Hamlets 009
Weavers,E00183862,E02000872,Tower Hamlets 009
Weavers,E00184020,E02000872,Tower Hamlets 009
Weavers,E00184091,E02000872,Tower Hamlets 009
Whitechapel,E00021595,E02000889,Tower Hamlets 026
Whitechapel,E00021616,E02000889,Tower Hamlets 026
Whitechapel,E00021617,E02000889,Tower Hamlets 026
Whitechapel,E00021618,E02000889,Tower Hamlets 026
Whitechapel,E00021621,E02000889,Tower Hamlets 026
Whitechapel,E00021624,E02000889,Tower Hamlets 026
Whitechapel,E00021738,E02000884,Tower Hamlets 021
Whitechapel,E00021740,E02000880,Tower Hamlets 017
Whitechapel,E00021741,E02000884,Tower Hamlets 021
Whitechapel,E00021742,E02000884,Tower Hamlets 021
Whitechapel,E00021743,E02000884,Tower Hamlets 021
Whitechapel,E00021746,E02000884,Tower Hamlets 021
Whitechapel,E00021748,E02000884,Tower Hamlets 021
Whitechapel,E00021752,E02000884,Tower Hamlets 021
Whitechapel,E00021758,E02000880,Tower Hamlets 017
Whitechapel,E00021761,E02000880,Tower Hamlets 017
Whitechapel,E00021762,E02000880,Tower Hamlets 017
Whitechapel,E00021766,E02000884,Tower Hamlets 021
Whitechapel,E00021767,E02000880,Tower Hamlets 017
Whitechapel,E00167094,E02000884,Tower Hamlets 021
Whitechapel,E00167098,E02000884,Tower Hamlets 021
Whitechapel,E00167099,E02000884,Tower Hamlets 021
Whitechapel,E00167100,E02000884,Tower Hamlets 021
Whitechapel,E00167101,E02000884,Tower Hamlets 021
Whitechapel,E00167102,E02000884,Tower Hamlets 021
Whitechapel,E00167166,E02000884,Tower Hamlets 021
Whitechapel,E00167168,E02000884,Tower Hamlets 021
Whitechapel,E00183740,E02000889,Tower Hamlets 026
Whitechapel,E00183743,E02000884,Tower Hamlets 021
Whitechapel,E00183744,E02000884,Tower Hamlets 021
Whitechapel,E00183745,E02000884,Tower Hamlets 021
Whitechapel,E00183746,E02000884,Tower Hamlets 021
Whitechapel,E00183747,E02000884,Tower Hamlets 021
Whitechapel,E00183748,E02000884,Tower Hamlets 021
Whitechapel,E00183782,E02000884,Tower Hamlets 021
Whitechapel,E00183783,E02000884,Tower Hamlets 021
Whitechapel,E00183810,E02000880,Tower Hamlets 017
Whitechapel,E00183811,E02000884,Tower Hamlets 021
Whitechapel,E00183812,E02000889,Tower Hamlets 026
Whitechapel,E00183819,E02000884,Tower Hamlets 021
Whitechapel,E00183820,E02000884,Tower Hamlets 021
Whitechapel,E00183828,E02000884,Tower Hamlets 021
Whitechapel,E00183855,E02000880,Tower Hamlets 017
Whitechapel,E00183893,E02000884,Tower Hamlets 021
Whitechapel,E00183964,E02000884,Tower Hamlets 021
Whitechapel,E00183994,E02000884,Tower Hamlets 021
Whitechapel,E00184056,E02000884,Tower Hamlets 021
Whitechapel,E00184064,E02000884,Tower Hamlets 021
Whitechapel,E00184069,E02000884,Tower Hamlets 021
Whitechapel,E00184094,E02000889,Tower Hamlets 026
Whitechapel,E00184124,E02000884,Tower Hamlets 021
Whitechapel,E00184129,E02000884,Tower Hamlets 021
Whitechapel,E00184135,E02000884,Tower Hamlets 021
Whitechapel,E00190013,E02000889,Tower Hamlets 026
Whitechapel,E00190014,E02000884,Tower Hamlets 021
